http://club.xywy.com/doctorShare/detail/55417,http://club.xywy.com/doctorShare/index/2?stat=2&page=1
http://club.xywy.com/doctorShare/detail/55392,http://club.xywy.com/doctorShare/index/2?stat=2&page=1
http://club.xywy.com/doctorShare/detail/55369,http://club.xywy.com/doctorShare/index/2?stat=2&page=1
http://club.xywy.com/doctorShare/detail/55348,http://club.xywy.com/doctorShare/index/2?stat=2&page=1
http://club.xywy.com/doctorShare/detail/55321,http://club.xywy.com/doctorShare/index/2?stat=2&page=1
http://club.xywy.com/doctorShare/detail/55267,http://club.xywy.com/doctorShare/index/2?stat=2&page=1
http://club.xywy.com/doctorShare/detail/55245,http://club.xywy.com/doctorShare/index/2?stat=2&page=1
http://club.xywy.com/doctorShare/detail/55218,http://club.xywy.com/doctorShare/index/2?stat=2&page=1
http://club.xywy.com/doctorShare/detail/55215,http://club.xywy.com/doctorShare/index/2?stat=2&page=1
http://club.xywy.com/doctorShare/detail/53592,http://club.xywy.com/doctorShare/index/2?stat=2&page=1
http://club.xywy.com/doctorShare/detail/55175,http://club.xywy.com/doctorShare/index/2?stat=2&page=2
http://club.xywy.com/doctorShare/detail/55118,http://club.xywy.com/doctorShare/index/2?stat=2&page=2
http://club.xywy.com/doctorShare/detail/55094,http://club.xywy.com/doctorShare/index/2?stat=2&page=2
http://club.xywy.com/doctorShare/detail/55071,http://club.xywy.com/doctorShare/index/2?stat=2&page=2
http://club.xywy.com/doctorShare/detail/55045,http://club.xywy.com/doctorShare/index/2?stat=2&page=2
http://club.xywy.com/doctorShare/detail/55019,http://club.xywy.com/doctorShare/index/2?stat=2&page=2
http://club.xywy.com/doctorShare/detail/54982,http://club.xywy.com/doctorShare/index/2?stat=2&page=2
http://club.xywy.com/doctorShare/detail/54841,http://club.xywy.com/doctorShare/index/2?stat=2&page=2
http://club.xywy.com/doctorShare/detail/54819,http://club.xywy.com/doctorShare/index/2?stat=2&page=2
http://club.xywy.com/doctorShare/detail/54790,http://club.xywy.com/doctorShare/index/2?stat=2&page=2
http://club.xywy.com/doctorShare/detail/54771,http://club.xywy.com/doctorShare/index/2?stat=2&page=3
http://club.xywy.com/doctorShare/detail/54750,http://club.xywy.com/doctorShare/index/2?stat=2&page=3
http://club.xywy.com/doctorShare/detail/54709,http://club.xywy.com/doctorShare/index/2?stat=2&page=3
http://club.xywy.com/doctorShare/detail/54688,http://club.xywy.com/doctorShare/index/2?stat=2&page=3
http://club.xywy.com/doctorShare/detail/53756,http://club.xywy.com/doctorShare/index/2?stat=2&page=3
