http://club.xywy.com/doctorShare/detail/55321,http://club.xywy.com/doctorShare/index/2?stat=2&page=1
http://club.xywy.com/doctorShare/detail/55267,http://club.xywy.com/doctorShare/index/2?stat=2&page=1
http://club.xywy.com/doctorShare/detail/55245,http://club.xywy.com/doctorShare/index/2?stat=2&page=1
http://club.xywy.com/doctorShare/detail/55218,http://club.xywy.com/doctorShare/index/2?stat=2&page=1
http://club.xywy.com/doctorShare/detail/55215,http://club.xywy.com/doctorShare/index/2?stat=2&page=1
http://club.xywy.com/doctorShare/detail/53592,http://club.xywy.com/doctorShare/index/2?stat=2&page=1
http://club.xywy.com/doctorShare/detail/55175,http://club.xywy.com/doctorShare/index/2?stat=2&page=1
http://club.xywy.com/doctorShare/detail/55118,http://club.xywy.com/doctorShare/index/2?stat=2&page=1
http://club.xywy.com/doctorShare/detail/55094,http://club.xywy.com/doctorShare/index/2?stat=2&page=1
http://club.xywy.com/doctorShare/detail/55071,http://club.xywy.com/doctorShare/index/2?stat=2&page=1
http://club.xywy.com/doctorShare/detail/55045,http://club.xywy.com/doctorShare/index/2?stat=2&page=2
http://club.xywy.com/doctorShare/detail/55019,http://club.xywy.com/doctorShare/index/2?stat=2&page=2
http://club.xywy.com/doctorShare/detail/54982,http://club.xywy.com/doctorShare/index/2?stat=2&page=2
http://club.xywy.com/doctorShare/detail/54841,http://club.xywy.com/doctorShare/index/2?stat=2&page=2
http://club.xywy.com/doctorShare/detail/54819,http://club.xywy.com/doctorShare/index/2?stat=2&page=2
http://club.xywy.com/doctorShare/detail/54790,http://club.xywy.com/doctorShare/index/2?stat=2&page=2
http://club.xywy.com/doctorShare/detail/54771,http://club.xywy.com/doctorShare/index/2?stat=2&page=2
http://club.xywy.com/doctorShare/detail/54750,http://club.xywy.com/doctorShare/index/2?stat=2&page=2
http://club.xywy.com/doctorShare/detail/54709,http://club.xywy.com/doctorShare/index/2?stat=2&page=2
http://club.xywy.com/doctorShare/detail/54688,http://club.xywy.com/doctorShare/index/2?stat=2&page=2
http://club.xywy.com/doctorShare/detail/53756,http://club.xywy.com/doctorShare/index/2?stat=2&page=3
http://club.xywy.com/doctorShare/detail/54646,http://club.xywy.com/doctorShare/index/2?stat=2&page=3
http://club.xywy.com/doctorShare/detail/54363,http://club.xywy.com/doctorShare/index/2?stat=2&page=3
http://club.xywy.com/doctorShare/detail/54569,http://club.xywy.com/doctorShare/index/2?stat=2&page=3
http://club.xywy.com/doctorShare/detail/54542,http://club.xywy.com/doctorShare/index/2?stat=2&page=3
http://club.xywy.com/doctorShare/detail/54519,http://club.xywy.com/doctorShare/index/2?stat=2&page=3
http://club.xywy.com/doctorShare/detail/54498,http://club.xywy.com/doctorShare/index/2?stat=2&page=3
http://club.xywy.com/doctorShare/detail/54479,http://club.xywy.com/doctorShare/index/2?stat=2&page=3
http://club.xywy.com/doctorShare/detail/54412,http://club.xywy.com/doctorShare/index/2?stat=2&page=3
http://club.xywy.com/doctorShare/detail/54397,http://club.xywy.com/doctorShare/index/2?stat=2&page=3
http://club.xywy.com/doctorShare/detail/54370,http://club.xywy.com/doctorShare/index/2?stat=2&page=4
http://club.xywy.com/doctorShare/detail/54350,http://club.xywy.com/doctorShare/index/2?stat=2&page=4
http://club.xywy.com/doctorShare/detail/54319,http://club.xywy.com/doctorShare/index/2?stat=2&page=4
http://club.xywy.com/doctorShare/detail/54295,http://club.xywy.com/doctorShare/index/2?stat=2&page=4
http://club.xywy.com/doctorShare/detail/54269,http://club.xywy.com/doctorShare/index/2?stat=2&page=4
http://club.xywy.com/doctorShare/detail/54248,http://club.xywy.com/doctorShare/index/2?stat=2&page=4
http://club.xywy.com/doctorShare/detail/54224,http://club.xywy.com/doctorShare/index/2?stat=2&page=4
http://club.xywy.com/doctorShare/detail/54153,http://club.xywy.com/doctorShare/index/2?stat=2&page=4
http://club.xywy.com/doctorShare/detail/54127,http://club.xywy.com/doctorShare/index/2?stat=2&page=4
http://club.xywy.com/doctorShare/detail/54108,http://club.xywy.com/doctorShare/index/2?stat=2&page=4
http://club.xywy.com/doctorShare/detail/54081,http://club.xywy.com/doctorShare/index/2?stat=2&page=5
http://club.xywy.com/doctorShare/detail/54051,http://club.xywy.com/doctorShare/index/2?stat=2&page=5
http://club.xywy.com/doctorShare/detail/53990,http://club.xywy.com/doctorShare/index/2?stat=2&page=5
http://club.xywy.com/doctorShare/detail/53962,http://club.xywy.com/doctorShare/index/2?stat=2&page=5
http://club.xywy.com/doctorShare/detail/53938,http://club.xywy.com/doctorShare/index/2?stat=2&page=5
http://club.xywy.com/doctorShare/detail/53909,http://club.xywy.com/doctorShare/index/2?stat=2&page=5
http://club.xywy.com/doctorShare/detail/53886,http://club.xywy.com/doctorShare/index/2?stat=2&page=5
http://club.xywy.com/doctorShare/detail/53840,http://club.xywy.com/doctorShare/index/2?stat=2&page=5
http://club.xywy.com/doctorShare/detail/53811,http://club.xywy.com/doctorShare/index/2?stat=2&page=5
http://club.xywy.com/doctorShare/detail/53782,http://club.xywy.com/doctorShare/index/2?stat=2&page=5
http://club.xywy.com/doctorShare/detail/53759,http://club.xywy.com/doctorShare/index/2?stat=2&page=6
http://club.xywy.com/doctorShare/detail/53730,http://club.xywy.com/doctorShare/index/2?stat=2&page=6
http://club.xywy.com/doctorShare/detail/53685,http://club.xywy.com/doctorShare/index/2?stat=2&page=6
http://club.xywy.com/doctorShare/detail/53571,http://club.xywy.com/doctorShare/index/2?stat=2&page=6
http://club.xywy.com/doctorShare/detail/53550,http://club.xywy.com/doctorShare/index/2?stat=2&page=6
http://club.xywy.com/doctorShare/detail/53516,http://club.xywy.com/doctorShare/index/2?stat=2&page=6
http://club.xywy.com/doctorShare/detail/53492,http://club.xywy.com/doctorShare/index/2?stat=2&page=6
http://club.xywy.com/doctorShare/detail/53469,http://club.xywy.com/doctorShare/index/2?stat=2&page=6
http://club.xywy.com/doctorShare/detail/53415,http://club.xywy.com/doctorShare/index/2?stat=2&page=6
http://club.xywy.com/doctorShare/detail/53387,http://club.xywy.com/doctorShare/index/2?stat=2&page=6
http://club.xywy.com/doctorShare/detail/53364,http://club.xywy.com/doctorShare/index/2?stat=2&page=7
http://club.xywy.com/doctorShare/detail/53339,http://club.xywy.com/doctorShare/index/2?stat=2&page=7
http://club.xywy.com/doctorShare/detail/53212,http://club.xywy.com/doctorShare/index/2?stat=2&page=7
http://club.xywy.com/doctorShare/detail/53166,http://club.xywy.com/doctorShare/index/2?stat=2&page=7
http://club.xywy.com/doctorShare/detail/53205,http://club.xywy.com/doctorShare/index/2?stat=2&page=7
http://club.xywy.com/doctorShare/detail/53181,http://club.xywy.com/doctorShare/index/2?stat=2&page=7
http://club.xywy.com/doctorShare/detail/53153,http://club.xywy.com/doctorShare/index/2?stat=2&page=7
http://club.xywy.com/doctorShare/detail/53122,http://club.xywy.com/doctorShare/index/2?stat=2&page=7
http://club.xywy.com/doctorShare/detail/53123,http://club.xywy.com/doctorShare/index/2?stat=2&page=7
http://club.xywy.com/doctorShare/detail/53121,http://club.xywy.com/doctorShare/index/2?stat=2&page=7
http://club.xywy.com/doctorShare/detail/53040,http://club.xywy.com/doctorShare/index/2?stat=2&page=8
http://club.xywy.com/doctorShare/detail/53041,http://club.xywy.com/doctorShare/index/2?stat=2&page=8
http://club.xywy.com/doctorShare/detail/53013,http://club.xywy.com/doctorShare/index/2?stat=2&page=8
http://club.xywy.com/doctorShare/detail/52976,http://club.xywy.com/doctorShare/index/2?stat=2&page=8
http://club.xywy.com/doctorShare/detail/52974,http://club.xywy.com/doctorShare/index/2?stat=2&page=8
http://club.xywy.com/doctorShare/detail/52951,http://club.xywy.com/doctorShare/index/2?stat=2&page=8
http://club.xywy.com/doctorShare/detail/52950,http://club.xywy.com/doctorShare/index/2?stat=2&page=8
http://club.xywy.com/doctorShare/detail/52922,http://club.xywy.com/doctorShare/index/2?stat=2&page=8
http://club.xywy.com/doctorShare/detail/52921,http://club.xywy.com/doctorShare/index/2?stat=2&page=8
http://club.xywy.com/doctorShare/detail/52830,http://club.xywy.com/doctorShare/index/2?stat=2&page=8
http://club.xywy.com/doctorShare/detail/52826,http://club.xywy.com/doctorShare/index/2?stat=2&page=9
http://club.xywy.com/doctorShare/detail/52825,http://club.xywy.com/doctorShare/index/2?stat=2&page=9
http://club.xywy.com/doctorShare/detail/52795,http://club.xywy.com/doctorShare/index/2?stat=2&page=9
http://club.xywy.com/doctorShare/detail/52772,http://club.xywy.com/doctorShare/index/2?stat=2&page=9
http://club.xywy.com/doctorShare/detail/52731,http://club.xywy.com/doctorShare/index/2?stat=2&page=9
http://club.xywy.com/doctorShare/detail/52732,http://club.xywy.com/doctorShare/index/2?stat=2&page=9
http://club.xywy.com/doctorShare/detail/52661,http://club.xywy.com/doctorShare/index/2?stat=2&page=9
http://club.xywy.com/doctorShare/detail/52659,http://club.xywy.com/doctorShare/index/2?stat=2&page=9
http://club.xywy.com/doctorShare/detail/52621,http://club.xywy.com/doctorShare/index/2?stat=2&page=9
http://club.xywy.com/doctorShare/detail/52620,http://club.xywy.com/doctorShare/index/2?stat=2&page=9
http://club.xywy.com/doctorShare/detail/52608,http://club.xywy.com/doctorShare/index/2?stat=2&page=10
http://club.xywy.com/doctorShare/detail/52564,http://club.xywy.com/doctorShare/index/2?stat=2&page=10
http://club.xywy.com/doctorShare/detail/52565,http://club.xywy.com/doctorShare/index/2?stat=2&page=10
http://club.xywy.com/doctorShare/detail/52548,http://club.xywy.com/doctorShare/index/2?stat=2&page=10
http://club.xywy.com/doctorShare/detail/52509,http://club.xywy.com/doctorShare/index/2?stat=2&page=10
http://club.xywy.com/doctorShare/detail/52510,http://club.xywy.com/doctorShare/index/2?stat=2&page=10
http://club.xywy.com/doctorShare/detail/52459,http://club.xywy.com/doctorShare/index/2?stat=2&page=10
http://club.xywy.com/doctorShare/detail/52458,http://club.xywy.com/doctorShare/index/2?stat=2&page=10
http://club.xywy.com/doctorShare/detail/52454,http://club.xywy.com/doctorShare/index/2?stat=2&page=10
http://club.xywy.com/doctorShare/detail/52406,http://club.xywy.com/doctorShare/index/2?stat=2&page=10
http://club.xywy.com/doctorShare/detail/52407,http://club.xywy.com/doctorShare/index/2?stat=2&page=11
http://club.xywy.com/doctorShare/detail/52383,http://club.xywy.com/doctorShare/index/2?stat=2&page=11
http://club.xywy.com/doctorShare/detail/52344,http://club.xywy.com/doctorShare/index/2?stat=2&page=11
http://club.xywy.com/doctorShare/detail/52335,http://club.xywy.com/doctorShare/index/2?stat=2&page=11
http://club.xywy.com/doctorShare/detail/52291,http://club.xywy.com/doctorShare/index/2?stat=2&page=11
http://club.xywy.com/doctorShare/detail/52269,http://club.xywy.com/doctorShare/index/2?stat=2&page=11
http://club.xywy.com/doctorShare/detail/52268,http://club.xywy.com/doctorShare/index/2?stat=2&page=11
http://club.xywy.com/doctorShare/detail/52267,http://club.xywy.com/doctorShare/index/2?stat=2&page=11
http://club.xywy.com/doctorShare/detail/52243,http://club.xywy.com/doctorShare/index/2?stat=2&page=11
http://club.xywy.com/doctorShare/detail/52242,http://club.xywy.com/doctorShare/index/2?stat=2&page=11
http://club.xywy.com/doctorShare/detail/52194,http://club.xywy.com/doctorShare/index/2?stat=2&page=12
http://club.xywy.com/doctorShare/detail/52207,http://club.xywy.com/doctorShare/index/2?stat=2&page=12
http://club.xywy.com/doctorShare/detail/52192,http://club.xywy.com/doctorShare/index/2?stat=2&page=12
http://club.xywy.com/doctorShare/detail/52193,http://club.xywy.com/doctorShare/index/2?stat=2&page=12
http://club.xywy.com/doctorShare/detail/51973,http://club.xywy.com/doctorShare/index/2?stat=2&page=12
http://club.xywy.com/doctorShare/detail/51976,http://club.xywy.com/doctorShare/index/2?stat=2&page=12
http://club.xywy.com/doctorShare/detail/51977,http://club.xywy.com/doctorShare/index/2?stat=2&page=12
http://club.xywy.com/doctorShare/detail/51974,http://club.xywy.com/doctorShare/index/2?stat=2&page=12
http://club.xywy.com/doctorShare/detail/51925,http://club.xywy.com/doctorShare/index/2?stat=2&page=12
http://club.xywy.com/doctorShare/detail/51901,http://club.xywy.com/doctorShare/index/2?stat=2&page=12
http://club.xywy.com/doctorShare/detail/51906,http://club.xywy.com/doctorShare/index/2?stat=2&page=13
http://club.xywy.com/doctorShare/detail/51902,http://club.xywy.com/doctorShare/index/2?stat=2&page=13
http://club.xywy.com/doctorShare/detail/51907,http://club.xywy.com/doctorShare/index/2?stat=2&page=13
http://club.xywy.com/doctorShare/detail/51867,http://club.xywy.com/doctorShare/index/2?stat=2&page=13
http://club.xywy.com/doctorShare/detail/51887,http://club.xywy.com/doctorShare/index/2?stat=2&page=13
http://club.xywy.com/doctorShare/detail/51866,http://club.xywy.com/doctorShare/index/2?stat=2&page=13
http://club.xywy.com/doctorShare/detail/51810,http://club.xywy.com/doctorShare/index/2?stat=2&page=13
http://club.xywy.com/doctorShare/detail/51783,http://club.xywy.com/doctorShare/index/2?stat=2&page=13
http://club.xywy.com/doctorShare/detail/51714,http://club.xywy.com/doctorShare/index/2?stat=2&page=13
http://club.xywy.com/doctorShare/detail/51652,http://club.xywy.com/doctorShare/index/2?stat=2&page=13
http://club.xywy.com/doctorShare/detail/51653,http://club.xywy.com/doctorShare/index/2?stat=2&page=14
http://club.xywy.com/doctorShare/detail/51715,http://club.xywy.com/doctorShare/index/2?stat=2&page=14
http://club.xywy.com/doctorShare/detail/51636,http://club.xywy.com/doctorShare/index/2?stat=2&page=14
http://club.xywy.com/doctorShare/detail/51664,http://club.xywy.com/doctorShare/index/2?stat=2&page=14
http://club.xywy.com/doctorShare/detail/51635,http://club.xywy.com/doctorShare/index/2?stat=2&page=14
http://club.xywy.com/doctorShare/detail/51594,http://club.xywy.com/doctorShare/index/2?stat=2&page=14
http://club.xywy.com/doctorShare/detail/51595,http://club.xywy.com/doctorShare/index/2?stat=2&page=14
http://club.xywy.com/doctorShare/detail/51564,http://club.xywy.com/doctorShare/index/2?stat=2&page=14
http://club.xywy.com/doctorShare/detail/51563,http://club.xywy.com/doctorShare/index/2?stat=2&page=14
http://club.xywy.com/doctorShare/detail/51407,http://club.xywy.com/doctorShare/index/2?stat=2&page=14
http://club.xywy.com/doctorShare/detail/51392,http://club.xywy.com/doctorShare/index/2?stat=2&page=15
http://club.xywy.com/doctorShare/detail/51391,http://club.xywy.com/doctorShare/index/2?stat=2&page=15
http://club.xywy.com/doctorShare/detail/51363,http://club.xywy.com/doctorShare/index/2?stat=2&page=15
http://club.xywy.com/doctorShare/detail/51362,http://club.xywy.com/doctorShare/index/2?stat=2&page=15
http://club.xywy.com/doctorShare/detail/51361,http://club.xywy.com/doctorShare/index/2?stat=2&page=15
http://club.xywy.com/doctorShare/detail/51243,http://club.xywy.com/doctorShare/index/2?stat=2&page=15
http://club.xywy.com/doctorShare/detail/51242,http://club.xywy.com/doctorShare/index/2?stat=2&page=15
http://club.xywy.com/doctorShare/detail/50236,http://club.xywy.com/doctorShare/index/2?stat=2&page=15
http://club.xywy.com/doctorShare/detail/51127,http://club.xywy.com/doctorShare/index/2?stat=2&page=15
http://club.xywy.com/doctorShare/detail/51128,http://club.xywy.com/doctorShare/index/2?stat=2&page=15
http://club.xywy.com/doctorShare/detail/51130,http://club.xywy.com/doctorShare/index/2?stat=2&page=16
http://club.xywy.com/doctorShare/detail/51125,http://club.xywy.com/doctorShare/index/2?stat=2&page=16
http://club.xywy.com/doctorShare/detail/51092,http://club.xywy.com/doctorShare/index/2?stat=2&page=16
http://club.xywy.com/doctorShare/detail/51000,http://club.xywy.com/doctorShare/index/2?stat=2&page=16
http://club.xywy.com/doctorShare/detail/50999,http://club.xywy.com/doctorShare/index/2?stat=2&page=16
http://club.xywy.com/doctorShare/detail/50998,http://club.xywy.com/doctorShare/index/2?stat=2&page=16
http://club.xywy.com/doctorShare/detail/50952,http://club.xywy.com/doctorShare/index/2?stat=2&page=16
http://club.xywy.com/doctorShare/detail/50953,http://club.xywy.com/doctorShare/index/2?stat=2&page=16
http://club.xywy.com/doctorShare/detail/50933,http://club.xywy.com/doctorShare/index/2?stat=2&page=16
http://club.xywy.com/doctorShare/detail/50932,http://club.xywy.com/doctorShare/index/2?stat=2&page=16
http://club.xywy.com/doctorShare/detail/50904,http://club.xywy.com/doctorShare/index/2?stat=2&page=17
http://club.xywy.com/doctorShare/detail/50899,http://club.xywy.com/doctorShare/index/2?stat=2&page=17
http://club.xywy.com/doctorShare/detail/50895,http://club.xywy.com/doctorShare/index/2?stat=2&page=17
http://club.xywy.com/doctorShare/detail/50900,http://club.xywy.com/doctorShare/index/2?stat=2&page=17
http://club.xywy.com/doctorShare/detail/50784,http://club.xywy.com/doctorShare/index/2?stat=2&page=17
http://club.xywy.com/doctorShare/detail/50783,http://club.xywy.com/doctorShare/index/2?stat=2&page=17
http://club.xywy.com/doctorShare/detail/50782,http://club.xywy.com/doctorShare/index/2?stat=2&page=17
http://club.xywy.com/doctorShare/detail/50740,http://club.xywy.com/doctorShare/index/2?stat=2&page=17
http://club.xywy.com/doctorShare/detail/50713,http://club.xywy.com/doctorShare/index/2?stat=2&page=17
http://club.xywy.com/doctorShare/detail/50712,http://club.xywy.com/doctorShare/index/2?stat=2&page=17
http://club.xywy.com/doctorShare/detail/50672,http://club.xywy.com/doctorShare/index/2?stat=2&page=18
http://club.xywy.com/doctorShare/detail/50673,http://club.xywy.com/doctorShare/index/2?stat=2&page=18
http://club.xywy.com/doctorShare/detail/49365,http://club.xywy.com/doctorShare/index/2?stat=2&page=18
http://club.xywy.com/doctorShare/detail/50631,http://club.xywy.com/doctorShare/index/2?stat=2&page=18
http://club.xywy.com/doctorShare/detail/50630,http://club.xywy.com/doctorShare/index/2?stat=2&page=18
http://club.xywy.com/doctorShare/detail/50597,http://club.xywy.com/doctorShare/index/2?stat=2&page=18
http://club.xywy.com/doctorShare/detail/50545,http://club.xywy.com/doctorShare/index/2?stat=2&page=18
http://club.xywy.com/doctorShare/detail/50546,http://club.xywy.com/doctorShare/index/2?stat=2&page=18
http://club.xywy.com/doctorShare/detail/50487,http://club.xywy.com/doctorShare/index/2?stat=2&page=18
http://club.xywy.com/doctorShare/detail/50303,http://club.xywy.com/doctorShare/index/2?stat=2&page=18
http://club.xywy.com/doctorShare/detail/50438,http://club.xywy.com/doctorShare/index/2?stat=2&page=19
http://club.xywy.com/doctorShare/detail/50439,http://club.xywy.com/doctorShare/index/2?stat=2&page=19
http://club.xywy.com/doctorShare/detail/50302,http://club.xywy.com/doctorShare/index/2?stat=2&page=19
http://club.xywy.com/doctorShare/detail/50202,http://club.xywy.com/doctorShare/index/2?stat=2&page=19
http://club.xywy.com/doctorShare/detail/50200,http://club.xywy.com/doctorShare/index/2?stat=2&page=19
http://club.xywy.com/doctorShare/detail/50201,http://club.xywy.com/doctorShare/index/2?stat=2&page=19
http://club.xywy.com/doctorShare/detail/50128,http://club.xywy.com/doctorShare/index/2?stat=2&page=19
http://club.xywy.com/doctorShare/detail/50130,http://club.xywy.com/doctorShare/index/2?stat=2&page=19
http://club.xywy.com/doctorShare/detail/50074,http://club.xywy.com/doctorShare/index/2?stat=2&page=19
http://club.xywy.com/doctorShare/detail/50031,http://club.xywy.com/doctorShare/index/2?stat=2&page=19
http://club.xywy.com/doctorShare/detail/50013,http://club.xywy.com/doctorShare/index/2?stat=2&page=20
http://club.xywy.com/doctorShare/detail/49963,http://club.xywy.com/doctorShare/index/2?stat=2&page=20
http://club.xywy.com/doctorShare/detail/49962,http://club.xywy.com/doctorShare/index/2?stat=2&page=20
http://club.xywy.com/doctorShare/detail/49945,http://club.xywy.com/doctorShare/index/2?stat=2&page=20
http://club.xywy.com/doctorShare/detail/49930,http://club.xywy.com/doctorShare/index/2?stat=2&page=20
http://club.xywy.com/doctorShare/detail/49929,http://club.xywy.com/doctorShare/index/2?stat=2&page=20
http://club.xywy.com/doctorShare/detail/49904,http://club.xywy.com/doctorShare/index/2?stat=2&page=20
http://club.xywy.com/doctorShare/detail/49840,http://club.xywy.com/doctorShare/index/2?stat=2&page=20
http://club.xywy.com/doctorShare/detail/49671,http://club.xywy.com/doctorShare/index/2?stat=2&page=20
http://club.xywy.com/doctorShare/detail/49689,http://club.xywy.com/doctorShare/index/2?stat=2&page=20
http://club.xywy.com/doctorShare/detail/49583,http://club.xywy.com/doctorShare/index/2?stat=2&page=21
http://club.xywy.com/doctorShare/detail/49359,http://club.xywy.com/doctorShare/index/2?stat=2&page=21
http://club.xywy.com/doctorShare/detail/49360,http://club.xywy.com/doctorShare/index/2?stat=2&page=21
http://club.xywy.com/doctorShare/detail/49232,http://club.xywy.com/doctorShare/index/2?stat=2&page=21
http://club.xywy.com/doctorShare/detail/49507,http://club.xywy.com/doctorShare/index/2?stat=2&page=21
http://club.xywy.com/doctorShare/detail/49564,http://club.xywy.com/doctorShare/index/2?stat=2&page=21
http://club.xywy.com/doctorShare/detail/49582,http://club.xywy.com/doctorShare/index/2?stat=2&page=21
http://club.xywy.com/doctorShare/detail/49836,http://club.xywy.com/doctorShare/index/2?stat=2&page=21
http://club.xywy.com/doctorShare/detail/49687,http://club.xywy.com/doctorShare/index/2?stat=2&page=21
http://club.xywy.com/doctorShare/detail/49639,http://club.xywy.com/doctorShare/index/2?stat=2&page=21
http://club.xywy.com/doctorShare/detail/49672,http://club.xywy.com/doctorShare/index/2?stat=2&page=22
http://club.xywy.com/doctorShare/detail/49627,http://club.xywy.com/doctorShare/index/2?stat=2&page=22
http://club.xywy.com/doctorShare/detail/49600,http://club.xywy.com/doctorShare/index/2?stat=2&page=22
http://club.xywy.com/doctorShare/detail/49601,http://club.xywy.com/doctorShare/index/2?stat=2&page=22
http://club.xywy.com/doctorShare/detail/49506,http://club.xywy.com/doctorShare/index/2?stat=2&page=22
http://club.xywy.com/doctorShare/detail/49460,http://club.xywy.com/doctorShare/index/2?stat=2&page=22
http://club.xywy.com/doctorShare/detail/49402,http://club.xywy.com/doctorShare/index/2?stat=2&page=22
http://club.xywy.com/doctorShare/detail/49388,http://club.xywy.com/doctorShare/index/2?stat=2&page=22
http://club.xywy.com/doctorShare/detail/49384,http://club.xywy.com/doctorShare/index/2?stat=2&page=22
http://club.xywy.com/doctorShare/detail/49351,http://club.xywy.com/doctorShare/index/2?stat=2&page=22
http://club.xywy.com/doctorShare/detail/49257,http://club.xywy.com/doctorShare/index/2?stat=2&page=23
http://club.xywy.com/doctorShare/detail/49182,http://club.xywy.com/doctorShare/index/2?stat=2&page=23
http://club.xywy.com/doctorShare/detail/49183,http://club.xywy.com/doctorShare/index/2?stat=2&page=23
http://club.xywy.com/doctorShare/detail/49162,http://club.xywy.com/doctorShare/index/2?stat=2&page=23
http://club.xywy.com/doctorShare/detail/49120,http://club.xywy.com/doctorShare/index/2?stat=2&page=23
http://club.xywy.com/doctorShare/detail/49063,http://club.xywy.com/doctorShare/index/2?stat=2&page=23
http://club.xywy.com/doctorShare/detail/49030,http://club.xywy.com/doctorShare/index/2?stat=2&page=23
http://club.xywy.com/doctorShare/detail/48976,http://club.xywy.com/doctorShare/index/2?stat=2&page=23
http://club.xywy.com/doctorShare/detail/48958,http://club.xywy.com/doctorShare/index/2?stat=2&page=23
http://club.xywy.com/doctorShare/detail/48935,http://club.xywy.com/doctorShare/index/2?stat=2&page=23
http://club.xywy.com/doctorShare/detail/48933,http://club.xywy.com/doctorShare/index/2?stat=2&page=24
http://club.xywy.com/doctorShare/detail/48913,http://club.xywy.com/doctorShare/index/2?stat=2&page=24
http://club.xywy.com/doctorShare/detail/48910,http://club.xywy.com/doctorShare/index/2?stat=2&page=24
http://club.xywy.com/doctorShare/detail/48854,http://club.xywy.com/doctorShare/index/2?stat=2&page=24
http://club.xywy.com/doctorShare/detail/48758,http://club.xywy.com/doctorShare/index/2?stat=2&page=24
http://club.xywy.com/doctorShare/detail/48852,http://club.xywy.com/doctorShare/index/2?stat=2&page=24
http://club.xywy.com/doctorShare/detail/48751,http://club.xywy.com/doctorShare/index/2?stat=2&page=24
http://club.xywy.com/doctorShare/detail/48748,http://club.xywy.com/doctorShare/index/2?stat=2&page=24
http://club.xywy.com/doctorShare/detail/48745,http://club.xywy.com/doctorShare/index/2?stat=2&page=24
http://club.xywy.com/doctorShare/detail/48711,http://club.xywy.com/doctorShare/index/2?stat=2&page=24
http://club.xywy.com/doctorShare/detail/48710,http://club.xywy.com/doctorShare/index/2?stat=2&page=25
http://club.xywy.com/doctorShare/detail/48709,http://club.xywy.com/doctorShare/index/2?stat=2&page=25
http://club.xywy.com/doctorShare/detail/48674,http://club.xywy.com/doctorShare/index/2?stat=2&page=25
http://club.xywy.com/doctorShare/detail/48650,http://club.xywy.com/doctorShare/index/2?stat=2&page=25
http://club.xywy.com/doctorShare/detail/48671,http://club.xywy.com/doctorShare/index/2?stat=2&page=25
http://club.xywy.com/doctorShare/detail/48627,http://club.xywy.com/doctorShare/index/2?stat=2&page=25
http://club.xywy.com/doctorShare/detail/48626,http://club.xywy.com/doctorShare/index/2?stat=2&page=25
http://club.xywy.com/doctorShare/detail/48625,http://club.xywy.com/doctorShare/index/2?stat=2&page=25
http://club.xywy.com/doctorShare/detail/48596,http://club.xywy.com/doctorShare/index/2?stat=2&page=25
http://club.xywy.com/doctorShare/detail/48595,http://club.xywy.com/doctorShare/index/2?stat=2&page=25
http://club.xywy.com/doctorShare/detail/48592,http://club.xywy.com/doctorShare/index/2?stat=2&page=26
http://club.xywy.com/doctorShare/detail/48510,http://club.xywy.com/doctorShare/index/2?stat=2&page=26
http://club.xywy.com/doctorShare/detail/48509,http://club.xywy.com/doctorShare/index/2?stat=2&page=26
http://club.xywy.com/doctorShare/detail/48482,http://club.xywy.com/doctorShare/index/2?stat=2&page=26
http://club.xywy.com/doctorShare/detail/48505,http://club.xywy.com/doctorShare/index/2?stat=2&page=26
http://club.xywy.com/doctorShare/detail/48328,http://club.xywy.com/doctorShare/index/2?stat=2&page=26
http://club.xywy.com/doctorShare/detail/48444,http://club.xywy.com/doctorShare/index/2?stat=2&page=26
http://club.xywy.com/doctorShare/detail/48416,http://club.xywy.com/doctorShare/index/2?stat=2&page=26
http://club.xywy.com/doctorShare/detail/48319,http://club.xywy.com/doctorShare/index/2?stat=2&page=26
http://club.xywy.com/doctorShare/detail/48280,http://club.xywy.com/doctorShare/index/2?stat=2&page=26
http://club.xywy.com/doctorShare/detail/48243,http://club.xywy.com/doctorShare/index/2?stat=2&page=27
http://club.xywy.com/doctorShare/detail/48122,http://club.xywy.com/doctorShare/index/2?stat=2&page=27
http://club.xywy.com/doctorShare/detail/48114,http://club.xywy.com/doctorShare/index/2?stat=2&page=27
http://club.xywy.com/doctorShare/detail/48005,http://club.xywy.com/doctorShare/index/2?stat=2&page=27
http://club.xywy.com/doctorShare/detail/48012,http://club.xywy.com/doctorShare/index/2?stat=2&page=27
http://club.xywy.com/doctorShare/detail/48026,http://club.xywy.com/doctorShare/index/2?stat=2&page=27
http://club.xywy.com/doctorShare/detail/48010,http://club.xywy.com/doctorShare/index/2?stat=2&page=27
http://club.xywy.com/doctorShare/detail/47861,http://club.xywy.com/doctorShare/index/2?stat=2&page=27
http://club.xywy.com/doctorShare/detail/47832,http://club.xywy.com/doctorShare/index/2?stat=2&page=27
http://club.xywy.com/doctorShare/detail/47793,http://club.xywy.com/doctorShare/index/2?stat=2&page=27
http://club.xywy.com/doctorShare/detail/47683,http://club.xywy.com/doctorShare/index/2?stat=2&page=28
http://club.xywy.com/doctorShare/detail/47626,http://club.xywy.com/doctorShare/index/2?stat=2&page=28
http://club.xywy.com/doctorShare/detail/47620,http://club.xywy.com/doctorShare/index/2?stat=2&page=28
http://club.xywy.com/doctorShare/detail/47591,http://club.xywy.com/doctorShare/index/2?stat=2&page=28
http://club.xywy.com/doctorShare/detail/47561,http://club.xywy.com/doctorShare/index/2?stat=2&page=28
http://club.xywy.com/doctorShare/detail/47453,http://club.xywy.com/doctorShare/index/2?stat=2&page=28
http://club.xywy.com/doctorShare/detail/47408,http://club.xywy.com/doctorShare/index/2?stat=2&page=28
http://club.xywy.com/doctorShare/detail/47303,http://club.xywy.com/doctorShare/index/2?stat=2&page=28
http://club.xywy.com/doctorShare/detail/47302,http://club.xywy.com/doctorShare/index/2?stat=2&page=28
http://club.xywy.com/doctorShare/detail/47300,http://club.xywy.com/doctorShare/index/2?stat=2&page=28
http://club.xywy.com/doctorShare/detail/47299,http://club.xywy.com/doctorShare/index/2?stat=2&page=29
http://club.xywy.com/doctorShare/detail/47237,http://club.xywy.com/doctorShare/index/2?stat=2&page=29
http://club.xywy.com/doctorShare/detail/47187,http://club.xywy.com/doctorShare/index/2?stat=2&page=29
http://club.xywy.com/doctorShare/detail/47211,http://club.xywy.com/doctorShare/index/2?stat=2&page=29
http://club.xywy.com/doctorShare/detail/47119,http://club.xywy.com/doctorShare/index/2?stat=2&page=29
http://club.xywy.com/doctorShare/detail/47069,http://club.xywy.com/doctorShare/index/2?stat=2&page=29
http://club.xywy.com/doctorShare/detail/47044,http://club.xywy.com/doctorShare/index/2?stat=2&page=29
http://club.xywy.com/doctorShare/detail/47000,http://club.xywy.com/doctorShare/index/2?stat=2&page=29
http://club.xywy.com/doctorShare/detail/46956,http://club.xywy.com/doctorShare/index/2?stat=2&page=29
http://club.xywy.com/doctorShare/detail/46827,http://club.xywy.com/doctorShare/index/2?stat=2&page=29
http://club.xywy.com/doctorShare/detail/46790,http://club.xywy.com/doctorShare/index/2?stat=2&page=30
http://club.xywy.com/doctorShare/detail/46726,http://club.xywy.com/doctorShare/index/2?stat=2&page=30
http://club.xywy.com/doctorShare/detail/46701,http://club.xywy.com/doctorShare/index/2?stat=2&page=30
http://club.xywy.com/doctorShare/detail/46686,http://club.xywy.com/doctorShare/index/2?stat=2&page=30
http://club.xywy.com/doctorShare/detail/44410,http://club.xywy.com/doctorShare/index/2?stat=2&page=30
http://club.xywy.com/doctorShare/detail/46514,http://club.xywy.com/doctorShare/index/2?stat=2&page=30
http://club.xywy.com/doctorShare/detail/46434,http://club.xywy.com/doctorShare/index/2?stat=2&page=30
http://club.xywy.com/doctorShare/detail/46426,http://club.xywy.com/doctorShare/index/2?stat=2&page=30
http://club.xywy.com/doctorShare/detail/46348,http://club.xywy.com/doctorShare/index/2?stat=2&page=30
http://club.xywy.com/doctorShare/detail/46261,http://club.xywy.com/doctorShare/index/2?stat=2&page=30
http://club.xywy.com/doctorShare/detail/46041,http://club.xywy.com/doctorShare/index/2?stat=2&page=31
http://club.xywy.com/doctorShare/detail/45996,http://club.xywy.com/doctorShare/index/2?stat=2&page=31
http://club.xywy.com/doctorShare/detail/45906,http://club.xywy.com/doctorShare/index/2?stat=2&page=31
http://club.xywy.com/doctorShare/detail/45933,http://club.xywy.com/doctorShare/index/2?stat=2&page=31
http://club.xywy.com/doctorShare/detail/45876,http://club.xywy.com/doctorShare/index/2?stat=2&page=31
http://club.xywy.com/doctorShare/detail/45875,http://club.xywy.com/doctorShare/index/2?stat=2&page=31
http://club.xywy.com/doctorShare/detail/45849,http://club.xywy.com/doctorShare/index/2?stat=2&page=31
http://club.xywy.com/doctorShare/detail/45836,http://club.xywy.com/doctorShare/index/2?stat=2&page=31
http://club.xywy.com/doctorShare/detail/45807,http://club.xywy.com/doctorShare/index/2?stat=2&page=31
http://club.xywy.com/doctorShare/detail/45658,http://club.xywy.com/doctorShare/index/2?stat=2&page=31
http://club.xywy.com/doctorShare/detail/45645,http://club.xywy.com/doctorShare/index/2?stat=2&page=32
http://club.xywy.com/doctorShare/detail/45599,http://club.xywy.com/doctorShare/index/2?stat=2&page=32
http://club.xywy.com/doctorShare/detail/45595,http://club.xywy.com/doctorShare/index/2?stat=2&page=32
http://club.xywy.com/doctorShare/detail/45531,http://club.xywy.com/doctorShare/index/2?stat=2&page=32
http://club.xywy.com/doctorShare/detail/45528,http://club.xywy.com/doctorShare/index/2?stat=2&page=32
http://club.xywy.com/doctorShare/detail/45451,http://club.xywy.com/doctorShare/index/2?stat=2&page=32
http://club.xywy.com/doctorShare/detail/45391,http://club.xywy.com/doctorShare/index/2?stat=2&page=32
http://club.xywy.com/doctorShare/detail/45388,http://club.xywy.com/doctorShare/index/2?stat=2&page=32
http://club.xywy.com/doctorShare/detail/45220,http://club.xywy.com/doctorShare/index/2?stat=2&page=32
h